Nakaseomyces_bracarensis	Nakaseomyces_bracarensis
Nakaseomyces_castellii	Nakaseomyces_castellii
Candida_glabrata	Candida_glabrata
Nakaseomyces_nivariensis	Nakaseomyces_nivariensis
yHAB164_Kazachstania_aerobia	yHAB164_Kazachstania_aerobia
Kazachstania_africana	Kazachstania_africana
yHAB136_Kazachstania_bromeliacearum	yHAB136_Kazachstania_bromeliacearum
yHAB148_Kazachstania_intestinalis	yHAB148_Kazachstania_intestinalis
yHAB160_Kazachstania_kunashirensis	yHAB160_Kazachstania_kunashirensis
yHAB132_Kazachstania_martiniae	yHAB132_Kazachstania_martiniae
Kazachstania_naganishii	Kazachstania_naganishii
yHAB153_Kazachstania_rosinii	yHAB153_Kazachstania_rosinii
yHAB143_Kazachstania_siamensis	yHAB143_Kazachstania_siamensis
yHAB159_Kazachstania_solicola	yHAB159_Kazachstania_solicola
yHAB155_Kazachstania_spencerorum	yHAB155_Kazachstania_spencerorum
yHAB147_Kazachstania_taianensis	yHAB147_Kazachstania_taianensis
yHAB154_Kazachstania_transvaalensis	yHAB154_Kazachstania_transvaalensis
yHAB134_Kazachstania_turicensis	yHAB134_Kazachstania_turicensis
yHAB133_Kazachstania_unispora	yHAB133_Kazachstania_unispora
yHAB158_Kazachstania_viticola	yHAB158_Kazachstania_viticola
yHAB166_Kazachstania_yakushimaensis	yHAB166_Kazachstania_yakushimaensis
Nakaseomyces_bacillisporus	Nakaseomyces_bacillisporus
Nakaseomyces_delphensis	Nakaseomyces_delphensis
Naumovozyma_castellii	Naumovozyma_castellii
Naumovozyma_dairenensis	Naumovozyma_dairenensis
Saccharomyces_arboricola	Saccharomyces_arboricola
Saccharomyces_cerevisiae	Saccharomyces_cerevisiae
Saccharomyces_eubayanus	Saccharomyces_eubayanus
Saccharomyces_kudriavzevii	Saccharomyces_kudriavzevii
Saccharomyces_mikatae	Saccharomyces_mikatae
Saccharomyces_paradoxus	Saccharomyces_paradoxus
Saccharomyces_uvarum	Saccharomyces_uvarum
Tetrapisispora_blattae	Tetrapisispora_blattae
yHMPu5000034875_Tetrapisispora_fleetii	yHMPu5000034875_Tetrapisispora_fleetii
yHMPu5000034876_Tetrapisispora_iriomotensis	yHMPu5000034876_Tetrapisispora_iriomotensis
yHMPu5000034877_Tetrapisispora_namnaonensis	yHMPu5000034877_Tetrapisispora_namnaonensis
Tetrapisispora_phaffii	Tetrapisispora_phaffii
Vanderwaltozyma_polyspora	Vanderwaltozyma_polyspora
yHMPu5000035629_Yueomyces_sinensis	yHMPu5000035629_Yueomyces_sinensis
Neurospora_crassa	Neurospora_crassa
